{"cameraMode":{"drawMode":0,"name":"Shaded","section":"Shading Mode"},"sceneLighting":false,"audioPlay":false,"sceneViewState":{"showFog":true,"showMaterialUpdate":false,"showSkybox":true,"showFlares":true,"showImageEffects":true,"showParticleSystems":true},"in2DMode":false,"pivot":{"x":216.99679565429688,"y":118.33323669433594,"z":-2.898776054382324},"rotation":{"x":-0.03268330544233322,"y":0.008990379981696606,"z":0.0002940187114290893,"w":0.99942547082901},"size":111.79736328125,"orthographic":false}