{"cameraMode":{"drawMode":0,"name":"Shaded","section":"Shading Mode"},"sceneLighting":false,"audioPlay":false,"sceneViewState":{"showFog":true,"showMaterialUpdate":false,"showSkybox":true,"showFlares":true,"showImageEffects":true,"showParticleSystems":true},"in2DMode":false,"pivot":{"x":216.99679565429688,"y":118.33323669433594,"z":-2.898776054382324},"rotation":{"x":-0.04317308962345123,"y":0.013482361100614071,"z":0.000582694832701236,"w":0.9989772439002991},"size":111.79736328125,"orthographic":false}